Discovered URL,Final URL,Canonical URL,HTTP Status,Exclusion Reason,Notes
https://ambisecure.ambimat.com/,https://ambisecure.ambimat.com/,https://ambisecure.ambimat.com/,200,Out of scope (not Resource/Blog) — already in approved 27-image priority package,Approved unique image already assigned: ambisecure-home-1200x630.png
https://ambisecure.ambimat.com/about/,https://ambisecure.ambimat.com/about/,https://ambisecure.ambimat.com/about/,200,Out of scope (not Resource/Blog) — already in approved 27-image priority package,Approved unique image already assigned: ambisecure-about-1200x630.png
https://ambisecure.ambimat.com/contact/,https://ambisecure.ambimat.com/contact/,https://ambisecure.ambimat.com/contact/,200,Out of scope: not a Resource or Blog page,Section page (contact); not Resource or Blog content
https://ambisecure.ambimat.com/support/,https://ambisecure.ambimat.com/support/,https://ambisecure.ambimat.com/support/,200,Out of scope: not a Resource or Blog page,Section page (support); not Resource or Blog content
https://ambisecure.ambimat.com/faqs/,https://ambisecure.ambimat.com/faqs/,https://ambisecure.ambimat.com/faqs/,200,Out of scope: not a Resource or Blog page,Section page (faqs); not Resource or Blog content
https://ambisecure.ambimat.com/products/,https://ambisecure.ambimat.com/products/,https://ambisecure.ambimat.com/products/,200,Out of scope (not Resource/Blog) — already in approved 27-image priority package,Approved unique image already assigned: ambisecure-products-1200x630.png
https://ambisecure.ambimat.com/products/onepass-card/,https://ambisecure.ambimat.com/products/onepass-card/,https://ambisecure.ambimat.com/products/onepass-card/,200,Out of scope (not Resource/Blog) — already in approved 27-image priority package,Approved unique image already assigned: ambisecure-products-onepass-card-1200x630.png
https://ambisecure.ambimat.com/products/onepass-bio-card/,https://ambisecure.ambimat.com/products/onepass-bio-card/,https://ambisecure.ambimat.com/products/onepass-bio-card/,200,Out of scope (not Resource/Blog) — already in approved 27-image priority package,Approved unique image already assigned: ambisecure-products-onepass-bio-card-1200x630.png
https://ambisecure.ambimat.com/products/onepass-usb-key/,https://ambisecure.ambimat.com/products/onepass-usb-key/,https://ambisecure.ambimat.com/products/onepass-usb-key/,200,Out of scope (not Resource/Blog) — already in approved 27-image priority package,Approved unique image already assigned: ambisecure-products-onepass-usb-key-1200x630.png
https://ambisecure.ambimat.com/products/biokey/,https://ambisecure.ambimat.com/products/biokey/,https://ambisecure.ambimat.com/products/biokey/,200,Out of scope (not Resource/Blog) — already in approved 27-image priority package,Approved unique image already assigned: ambisecure-products-biokey-1200x630.png
https://ambisecure.ambimat.com/products/biokey-on-device-totp/,https://ambisecure.ambimat.com/products/biokey-on-device-totp/,https://ambisecure.ambimat.com/products/biokey-on-device-totp/,200,Out of scope: not a Resource or Blog page,Section page (products); not Resource or Blog content
https://ambisecure.ambimat.com/products/tappable/,https://ambisecure.ambimat.com/products/tappable/,https://ambisecure.ambimat.com/products/tappable/,200,Out of scope: not a Resource or Blog page,Section page (products); not Resource or Blog content
https://ambisecure.ambimat.com/products/digital-signature-token/,https://ambisecure.ambimat.com/products/digital-signature-token/,https://ambisecure.ambimat.com/products/digital-signature-token/,200,Out of scope: not a Resource or Blog page,Section page (products); not Resource or Blog content
https://ambisecure.ambimat.com/products/iot-security-coprocessor/,https://ambisecure.ambimat.com/products/iot-security-coprocessor/,https://ambisecure.ambimat.com/products/iot-security-coprocessor/,200,Out of scope (not Resource/Blog) — already in approved 27-image priority package,Approved unique image already assigned: ambisecure-products-iot-security-coprocessor-1200x630.png
https://ambisecure.ambimat.com/products/javacard-applets/,https://ambisecure.ambimat.com/products/javacard-applets/,https://ambisecure.ambimat.com/products/javacard-applets/,200,Out of scope (not Resource/Blog) — already in approved 27-image priority package,Approved unique image already assigned: ambisecure-products-javacard-applets-1200x630.png
https://ambisecure.ambimat.com/industries/connected-mobility/,https://ambisecure.ambimat.com/industries/connected-mobility/,https://ambisecure.ambimat.com/industries/connected-mobility/,200,Out of scope (not Resource/Blog) — already in approved 27-image priority package,Approved unique image already assigned: ambisecure-industries-connected-mobility-1200x630.png
https://ambisecure.ambimat.com/solutions/v2x-security/,https://ambisecure.ambimat.com/solutions/v2x-security/,https://ambisecure.ambimat.com/solutions/v2x-security/,200,Out of scope (not Resource/Blog) — already in approved 27-image priority package,Approved unique image already assigned: ambisecure-solutions-v2x-security-1200x630.png
https://ambisecure.ambimat.com/solutions/device-identity-at-scale/,https://ambisecure.ambimat.com/solutions/device-identity-at-scale/,https://ambisecure.ambimat.com/solutions/device-identity-at-scale/,200,Out of scope: not a Resource or Blog page,Section page (solutions); not Resource or Blog content
https://ambisecure.ambimat.com/technologies/v2x-pki/,https://ambisecure.ambimat.com/technologies/v2x-pki/,https://ambisecure.ambimat.com/technologies/v2x-pki/,200,Out of scope: not a Resource or Blog page,Section page (technologies); not Resource or Blog content
https://ambisecure.ambimat.com/solutions/,https://ambisecure.ambimat.com/solutions/,https://ambisecure.ambimat.com/solutions/,200,Out of scope (not Resource/Blog) — already in approved 27-image priority package,Approved unique image already assigned: ambisecure-solutions-1200x630.png
https://ambisecure.ambimat.com/solutions/passwordless-mfa/,https://ambisecure.ambimat.com/solutions/passwordless-mfa/,https://ambisecure.ambimat.com/solutions/passwordless-mfa/,200,Out of scope: not a Resource or Blog page,Section page (solutions); not Resource or Blog content
https://ambisecure.ambimat.com/technologies/,https://ambisecure.ambimat.com/technologies/,https://ambisecure.ambimat.com/technologies/,200,Out of scope (not Resource/Blog) — already in approved 27-image priority package,Approved unique image already assigned: ambisecure-technologies-1200x630.png
https://ambisecure.ambimat.com/technologies/secure-elements/,https://ambisecure.ambimat.com/technologies/secure-elements/,https://ambisecure.ambimat.com/technologies/secure-elements/,200,Out of scope: not a Resource or Blog page,Section page (technologies); not Resource or Blog content
https://ambisecure.ambimat.com/technologies/javacard/,https://ambisecure.ambimat.com/technologies/javacard/,https://ambisecure.ambimat.com/technologies/javacard/,200,Out of scope: not a Resource or Blog page,Section page (technologies); not Resource or Blog content
https://ambisecure.ambimat.com/technologies/fido/,https://ambisecure.ambimat.com/technologies/fido/,https://ambisecure.ambimat.com/technologies/fido/,200,Out of scope: not a Resource or Blog page,Section page (technologies); not Resource or Blog content
https://ambisecure.ambimat.com/industries/,https://ambisecure.ambimat.com/industries/,https://ambisecure.ambimat.com/industries/,200,Out of scope (not Resource/Blog) — already in approved 27-image priority package,Approved unique image already assigned: ambisecure-industries-1200x630.png
https://ambisecure.ambimat.com/industries/government-and-defence/,https://ambisecure.ambimat.com/industries/government-and-defence/,https://ambisecure.ambimat.com/industries/government-and-defence/,200,Out of scope (not Resource/Blog) — already in approved 27-image priority package,Approved unique image already assigned: ambisecure-industries-government-and-defence-1200x630.png
https://ambisecure.ambimat.com/resources/,https://ambisecure.ambimat.com/resources/,https://ambisecure.ambimat.com/resources/,200,Resource directory landing page with approved unique image (ambisecure-resources-1200x630.png),
https://ambisecure.ambimat.com/technologies/desfire/,https://ambisecure.ambimat.com/technologies/desfire/,https://ambisecure.ambimat.com/technologies/desfire/,200,Out of scope: not a Resource or Blog page,Section page (technologies); not Resource or Blog content
https://ambisecure.ambimat.com/technologies/sam/,https://ambisecure.ambimat.com/technologies/sam/,https://ambisecure.ambimat.com/technologies/sam/,200,Out of scope: not a Resource or Blog page,Section page (technologies); not Resource or Blog content
https://ambisecure.ambimat.com/technologies/card-reader-sam-flow/,https://ambisecure.ambimat.com/technologies/card-reader-sam-flow/,https://ambisecure.ambimat.com/technologies/card-reader-sam-flow/,200,Out of scope: not a Resource or Blog page,Section page (technologies); not Resource or Blog content
https://ambisecure.ambimat.com/solutions/closed-loop-ticketing/,https://ambisecure.ambimat.com/solutions/closed-loop-ticketing/,https://ambisecure.ambimat.com/solutions/closed-loop-ticketing/,200,Out of scope: not a Resource or Blog page,Section page (solutions); not Resource or Blog content
https://ambisecure.ambimat.com/solutions/transit-ticketing/,https://ambisecure.ambimat.com/solutions/transit-ticketing/,https://ambisecure.ambimat.com/solutions/transit-ticketing/,200,Out of scope: not a Resource or Blog page,Section page (solutions); not Resource or Blog content
https://ambisecure.ambimat.com/solutions/secure-validator-platforms/,https://ambisecure.ambimat.com/solutions/secure-validator-platforms/,https://ambisecure.ambimat.com/solutions/secure-validator-platforms/,200,Out of scope: not a Resource or Blog page,Section page (solutions); not Resource or Blog content
https://ambisecure.ambimat.com/solutions/offline-authentication/,https://ambisecure.ambimat.com/solutions/offline-authentication/,https://ambisecure.ambimat.com/solutions/offline-authentication/,200,Out of scope: not a Resource or Blog page,Section page (solutions); not Resource or Blog content
https://ambisecure.ambimat.com/solutions/smart-access-control/,https://ambisecure.ambimat.com/solutions/smart-access-control/,https://ambisecure.ambimat.com/solutions/smart-access-control/,200,Out of scope: not a Resource or Blog page,Section page (solutions); not Resource or Blog content
https://ambisecure.ambimat.com/industries/transportation/,https://ambisecure.ambimat.com/industries/transportation/,https://ambisecure.ambimat.com/industries/transportation/,200,Out of scope (not Resource/Blog) — already in approved 27-image priority package,Approved unique image already assigned: ambisecure-industries-transportation-1200x630.png
https://ambisecure.ambimat.com/industries/smart-cities/,https://ambisecure.ambimat.com/industries/smart-cities/,https://ambisecure.ambimat.com/industries/smart-cities/,200,Out of scope (not Resource/Blog) — already in approved 27-image priority package,Approved unique image already assigned: ambisecure-industries-smart-cities-1200x630.png
https://ambisecure.ambimat.com/industries/enterprise-access/,https://ambisecure.ambimat.com/industries/enterprise-access/,https://ambisecure.ambimat.com/industries/enterprise-access/,200,Out of scope (not Resource/Blog) — already in approved 27-image priority package,Approved unique image already assigned: ambisecure-industries-enterprise-access-1200x630.png
https://ambisecure.ambimat.com/technologies/webauthn/,https://ambisecure.ambimat.com/technologies/webauthn/,https://ambisecure.ambimat.com/technologies/webauthn/,200,Out of scope: not a Resource or Blog page,Section page (technologies); not Resource or Blog content
https://ambisecure.ambimat.com/technologies/fido2/,https://ambisecure.ambimat.com/technologies/fido2/,https://ambisecure.ambimat.com/technologies/fido2/,200,Out of scope (not Resource/Blog) — already in approved 27-image priority package,Approved unique image already assigned: ambisecure-technologies-fido2-1200x630.png
https://ambisecure.ambimat.com/technologies/passkeys/,https://ambisecure.ambimat.com/technologies/passkeys/,https://ambisecure.ambimat.com/technologies/passkeys/,200,Out of scope: not a Resource or Blog page,Section page (technologies); not Resource or Blog content
https://ambisecure.ambimat.com/technologies/attestation/,https://ambisecure.ambimat.com/technologies/attestation/,https://ambisecure.ambimat.com/technologies/attestation/,200,Out of scope: not a Resource or Blog page,Section page (technologies); not Resource or Blog content
https://ambisecure.ambimat.com/technologies/ctap2/,https://ambisecure.ambimat.com/technologies/ctap2/,https://ambisecure.ambimat.com/technologies/ctap2/,200,Out of scope: not a Resource or Blog page,Section page (technologies); not Resource or Blog content
https://ambisecure.ambimat.com/products/onepass-platform/,https://ambisecure.ambimat.com/products/onepass-platform/,https://ambisecure.ambimat.com/products/onepass-platform/,200,Out of scope: not a Resource or Blog page,Section page (products); not Resource or Blog content
https://ambisecure.ambimat.com/solutions/passwordless-enterprise/,https://ambisecure.ambimat.com/solutions/passwordless-enterprise/,https://ambisecure.ambimat.com/solutions/passwordless-enterprise/,200,Out of scope (not Resource/Blog) — already in approved 27-image priority package,Approved unique image already assigned: ambisecure-solutions-passwordless-enterprise-1200x630.png
https://ambisecure.ambimat.com/solutions/phishing-resistant-authentication/,https://ambisecure.ambimat.com/solutions/phishing-resistant-authentication/,https://ambisecure.ambimat.com/solutions/phishing-resistant-authentication/,200,Out of scope (not Resource/Blog) — already in approved 27-image priority package,Approved unique image already assigned: ambisecure-solutions-phishing-resistant-authentication-1200x630.png
https://ambisecure.ambimat.com/solutions/workforce-identity/,https://ambisecure.ambimat.com/solutions/workforce-identity/,https://ambisecure.ambimat.com/solutions/workforce-identity/,200,Out of scope: not a Resource or Blog page,Section page (solutions); not Resource or Blog content
https://ambisecure.ambimat.com/solutions/government-identity/,https://ambisecure.ambimat.com/solutions/government-identity/,https://ambisecure.ambimat.com/solutions/government-identity/,200,Out of scope: not a Resource or Blog page,Section page (solutions); not Resource or Blog content
https://ambisecure.ambimat.com/solutions/smart-card-personalization/,https://ambisecure.ambimat.com/solutions/smart-card-personalization/,https://ambisecure.ambimat.com/solutions/smart-card-personalization/,200,Out of scope: not a Resource or Blog page,Section page (solutions); not Resource or Blog content
https://ambisecure.ambimat.com/solutions/secure-element-integration/,https://ambisecure.ambimat.com/solutions/secure-element-integration/,https://ambisecure.ambimat.com/solutions/secure-element-integration/,200,Out of scope (not Resource/Blog) — already in approved 27-image priority package,Approved unique image already assigned: ambisecure-solutions-secure-element-integration-1200x630.png
https://ambisecure.ambimat.com/solutions/javacard-deployment/,https://ambisecure.ambimat.com/solutions/javacard-deployment/,https://ambisecure.ambimat.com/solutions/javacard-deployment/,200,Out of scope: not a Resource or Blog page,Section page (solutions); not Resource or Blog content
https://ambisecure.ambimat.com/solutions/esim-security/,https://ambisecure.ambimat.com/solutions/esim-security/,https://ambisecure.ambimat.com/solutions/esim-security/,200,Out of scope: not a Resource or Blog page,Section page (solutions); not Resource or Blog content
https://ambisecure.ambimat.com/about/certifications/,https://ambisecure.ambimat.com/about/certifications/,https://ambisecure.ambimat.com/about/certifications/,200,Out of scope: not a Resource or Blog page,Section page (about); not Resource or Blog content
https://ambisecure.ambimat.com/trust/,https://ambisecure.ambimat.com/trust/,https://ambisecure.ambimat.com/trust/,200,Out of scope: not a Resource or Blog page,Section page (trust); not Resource or Blog content
https://ambisecure.ambimat.com/partners/,https://ambisecure.ambimat.com/partners/,https://ambisecure.ambimat.com/partners/,200,Out of scope: not a Resource or Blog page,Section page (partners); not Resource or Blog content
https://ambisecure.ambimat.com/products/iot-solution/,https://ambisecure.ambimat.com/products/iot-solution/,https://ambisecure.ambimat.com/products/iot-solution/,200,Out of scope: not a Resource or Blog page,Section page (products); not Resource or Blog content
https://ambisecure.ambimat.com/products/esim-solution/,https://ambisecure.ambimat.com/products/esim-solution/,https://ambisecure.ambimat.com/products/esim-solution/,200,Out of scope: not a Resource or Blog page,Section page (products); not Resource or Blog content
https://ambisecure.ambimat.com/products/fido2-nano-sim-applet/,https://ambisecure.ambimat.com/products/fido2-nano-sim-applet/,https://ambisecure.ambimat.com/products/fido2-nano-sim-applet/,200,Out of scope: not a Resource or Blog page,Section page (products); not Resource or Blog content
https://ambisecure.ambimat.com/products/piv-nano-sim-applet/,https://ambisecure.ambimat.com/products/piv-nano-sim-applet/,https://ambisecure.ambimat.com/products/piv-nano-sim-applet/,200,Out of scope: not a Resource or Blog page,Section page (products); not Resource or Blog content
https://ambisecure.ambimat.com/products/secure-mail-suite/,https://ambisecure.ambimat.com/products/secure-mail-suite/,https://ambisecure.ambimat.com/products/secure-mail-suite/,200,Out of scope: not a Resource or Blog page,Section page (products); not Resource or Blog content
https://ambisecure.ambimat.com/products/pkcs-signature-suite/,https://ambisecure.ambimat.com/products/pkcs-signature-suite/,https://ambisecure.ambimat.com/products/pkcs-signature-suite/,200,Out of scope: not a Resource or Blog page,Section page (products); not Resource or Blog content
https://ambisecure.ambimat.com/products/iot-security-applets/,https://ambisecure.ambimat.com/products/iot-security-applets/,https://ambisecure.ambimat.com/products/iot-security-applets/,200,Out of scope: not a Resource or Blog page,Section page (products); not Resource or Blog content
https://ambisecure.ambimat.com/services/,https://ambisecure.ambimat.com/services/,https://ambisecure.ambimat.com/services/,200,Out of scope (not Resource/Blog) — already in approved 27-image priority package,Approved unique image already assigned: ambisecure-services-1200x630.png
https://ambisecure.ambimat.com/services/javacard-development/,https://ambisecure.ambimat.com/services/javacard-development/,https://ambisecure.ambimat.com/services/javacard-development/,200,Out of scope: not a Resource or Blog page,Section page (services); not Resource or Blog content
https://ambisecure.ambimat.com/services/fido-validation-server/,https://ambisecure.ambimat.com/services/fido-validation-server/,https://ambisecure.ambimat.com/services/fido-validation-server/,200,Out of scope (not Resource/Blog) — already in approved 27-image priority package,Approved unique image already assigned: ambisecure-services-fido-validation-server-1200x630.png
https://ambisecure.ambimat.com/services/tool-chain-development/,https://ambisecure.ambimat.com/services/tool-chain-development/,https://ambisecure.ambimat.com/services/tool-chain-development/,200,Out of scope: not a Resource or Blog page,Section page (services); not Resource or Blog content
https://ambisecure.ambimat.com/services/tool-chain-development/bio-enrollment-app/,https://ambisecure.ambimat.com/services/tool-chain-development/bio-enrollment-app/,https://ambisecure.ambimat.com/services/tool-chain-development/bio-enrollment-app/,200,Out of scope: not a Resource or Blog page,Section page (services); not Resource or Blog content
https://ambisecure.ambimat.com/services/tool-chain-development/security-key-manager/,https://ambisecure.ambimat.com/services/tool-chain-development/security-key-manager/,https://ambisecure.ambimat.com/services/tool-chain-development/security-key-manager/,200,Out of scope: not a Resource or Blog page,Section page (services); not Resource or Blog content
https://ambisecure.ambimat.com/services/tool-chain-development/multi-card-applet-loader/,https://ambisecure.ambimat.com/services/tool-chain-development/multi-card-applet-loader/,https://ambisecure.ambimat.com/services/tool-chain-development/multi-card-applet-loader/,200,Out of scope: not a Resource or Blog page,Section page (services); not Resource or Blog content
https://ambisecure.ambimat.com/services/tool-chain-development/ndef-personalisation/,https://ambisecure.ambimat.com/services/tool-chain-development/ndef-personalisation/,https://ambisecure.ambimat.com/services/tool-chain-development/ndef-personalisation/,200,Out of scope: not a Resource or Blog page,Section page (services); not Resource or Blog content
https://ambisecure.ambimat.com/services/epassport-platform/,https://ambisecure.ambimat.com/services/epassport-platform/,https://ambisecure.ambimat.com/services/epassport-platform/,200,Out of scope: not a Resource or Blog page,Section page (services); not Resource or Blog content
https://ambisecure.ambimat.com/blog/archive/,https://ambisecure.ambimat.com/blog/archive/,https://ambisecure.ambimat.com/blog/archive/,200,Archive listing/directory page (not an article),Listing page for /blog/archive/; its 24 child articles ARE included
https://ambisecure.ambimat.com/blog/categories/,https://ambisecure.ambimat.com/blog/categories/,https://ambisecure.ambimat.com/blog/categories/,200,Category archive,Blog category archive; reuses blog.png
https://ambisecure.ambimat.com/blog/categories/biometrics/,https://ambisecure.ambimat.com/blog/categories/biometrics/,https://ambisecure.ambimat.com/blog/categories/biometrics/,200,Category archive,Blog category archive; reuses blog.png
https://ambisecure.ambimat.com/blog/categories/cryptography/,https://ambisecure.ambimat.com/blog/categories/cryptography/,https://ambisecure.ambimat.com/blog/categories/cryptography/,200,Category archive,Blog category archive; reuses blog.png
https://ambisecure.ambimat.com/blog/categories/cyber-threats/,https://ambisecure.ambimat.com/blog/categories/cyber-threats/,https://ambisecure.ambimat.com/blog/categories/cyber-threats/,200,Category archive,Blog category archive; reuses blog.png
https://ambisecure.ambimat.com/blog/categories/cybersecurity/,https://ambisecure.ambimat.com/blog/categories/cybersecurity/,https://ambisecure.ambimat.com/blog/categories/cybersecurity/,200,Category archive,Blog category archive; reuses blog.png
https://ambisecure.ambimat.com/blog/categories/desfire/,https://ambisecure.ambimat.com/blog/categories/desfire/,https://ambisecure.ambimat.com/blog/categories/desfire/,200,Category archive,Blog category archive; reuses blog.png
https://ambisecure.ambimat.com/blog/categories/enterprise-mfa/,https://ambisecure.ambimat.com/blog/categories/enterprise-mfa/,https://ambisecure.ambimat.com/blog/categories/enterprise-mfa/,200,Category archive,Blog category archive; reuses blog.png
https://ambisecure.ambimat.com/blog/categories/epassport/,https://ambisecure.ambimat.com/blog/categories/epassport/,https://ambisecure.ambimat.com/blog/categories/epassport/,200,Category archive,Blog category archive; reuses blog.png
https://ambisecure.ambimat.com/blog/categories/fido/,https://ambisecure.ambimat.com/blog/categories/fido/,https://ambisecure.ambimat.com/blog/categories/fido/,200,Category archive,Blog category archive; reuses blog.png
https://ambisecure.ambimat.com/blog/categories/government-identity/,https://ambisecure.ambimat.com/blog/categories/government-identity/,https://ambisecure.ambimat.com/blog/categories/government-identity/,200,Category archive,Blog category archive; reuses blog.png
https://ambisecure.ambimat.com/blog/categories/identity/,https://ambisecure.ambimat.com/blog/categories/identity/,https://ambisecure.ambimat.com/blog/categories/identity/,200,Category archive,Blog category archive; reuses blog.png
https://ambisecure.ambimat.com/blog/categories/iot-security/,https://ambisecure.ambimat.com/blog/categories/iot-security/,https://ambisecure.ambimat.com/blog/categories/iot-security/,200,Category archive,Blog category archive; reuses blog.png
https://ambisecure.ambimat.com/blog/categories/javacard/,https://ambisecure.ambimat.com/blog/categories/javacard/,https://ambisecure.ambimat.com/blog/categories/javacard/,200,Category archive,Blog category archive; reuses blog.png
https://ambisecure.ambimat.com/blog/categories/mfa/,https://ambisecure.ambimat.com/blog/categories/mfa/,https://ambisecure.ambimat.com/blog/categories/mfa/,200,Category archive,Blog category archive; reuses blog.png
https://ambisecure.ambimat.com/blog/categories/offline-authentication/,https://ambisecure.ambimat.com/blog/categories/offline-authentication/,https://ambisecure.ambimat.com/blog/categories/offline-authentication/,200,Category archive,Blog category archive; reuses blog.png
https://ambisecure.ambimat.com/blog/categories/passwordless/,https://ambisecure.ambimat.com/blog/categories/passwordless/,https://ambisecure.ambimat.com/blog/categories/passwordless/,200,Category archive,Blog category archive; reuses blog.png
https://ambisecure.ambimat.com/blog/categories/privacy/,https://ambisecure.ambimat.com/blog/categories/privacy/,https://ambisecure.ambimat.com/blog/categories/privacy/,200,Category archive,Blog category archive; reuses blog.png
https://ambisecure.ambimat.com/blog/categories/smart-cards/,https://ambisecure.ambimat.com/blog/categories/smart-cards/,https://ambisecure.ambimat.com/blog/categories/smart-cards/,200,Category archive,Blog category archive; reuses blog.png
https://ambisecure.ambimat.com/blog/categories/transit/,https://ambisecure.ambimat.com/blog/categories/transit/,https://ambisecure.ambimat.com/blog/categories/transit/,200,Category archive,Blog category archive; reuses blog.png
https://ambisecure.ambimat.com/blog/categories/webauthn/,https://ambisecure.ambimat.com/blog/categories/webauthn/,https://ambisecure.ambimat.com/blog/categories/webauthn/,200,Category archive,Blog category archive; reuses blog.png
https://ambisecure.ambimat.com/videos/,https://ambisecure.ambimat.com/videos/,https://ambisecure.ambimat.com/videos/,200,Out of scope: not a Resource or Blog page,Section page (videos); not Resource or Blog content
https://ambisecure.ambimat.com/videos/setup-ambisecure-card-desktop/,https://ambisecure.ambimat.com/videos/setup-ambisecure-card-desktop/,https://ambisecure.ambimat.com/videos/setup-ambisecure-card-desktop/,200,Out of scope: not a Resource or Blog page,Section page (videos); not Resource or Blog content
https://ambisecure.ambimat.com/videos/setup-ambisecure-card-facebook/,https://ambisecure.ambimat.com/videos/setup-ambisecure-card-facebook/,https://ambisecure.ambimat.com/videos/setup-ambisecure-card-facebook/,200,Out of scope: not a Resource or Blog page,Section page (videos); not Resource or Blog content
https://ambisecure.ambimat.com/videos/setup-ambisecure-card-gmail/,https://ambisecure.ambimat.com/videos/setup-ambisecure-card-gmail/,https://ambisecure.ambimat.com/videos/setup-ambisecure-card-gmail/,200,Out of scope: not a Resource or Blog page,Section page (videos); not Resource or Blog content
https://ambisecure.ambimat.com/videos/setup-ambisecure-card-mobile-facebook/,https://ambisecure.ambimat.com/videos/setup-ambisecure-card-mobile-facebook/,https://ambisecure.ambimat.com/videos/setup-ambisecure-card-mobile-facebook/,200,Out of scope: not a Resource or Blog page,Section page (videos); not Resource or Blog content
https://ambisecure.ambimat.com/videos/setup-ambisecure-card-mobile-gmail/,https://ambisecure.ambimat.com/videos/setup-ambisecure-card-mobile-gmail/,https://ambisecure.ambimat.com/videos/setup-ambisecure-card-mobile-gmail/,200,Out of scope: not a Resource or Blog page,Section page (videos); not Resource or Blog content
https://ambisecure.ambimat.com/videos/ambisecure-card-use-cases/,https://ambisecure.ambimat.com/videos/ambisecure-card-use-cases/,https://ambisecure.ambimat.com/videos/ambisecure-card-use-cases/,200,Out of scope: not a Resource or Blog page,Section page (videos); not Resource or Blog content
https://ambisecure.ambimat.com/videos/biokey-product-loop/,https://ambisecure.ambimat.com/videos/biokey-product-loop/,https://ambisecure.ambimat.com/videos/biokey-product-loop/,200,Out of scope: not a Resource or Blog page,Section page (videos); not Resource or Blog content
https://ambisecure.ambimat.com/case-studies/,https://ambisecure.ambimat.com/case-studies/,https://ambisecure.ambimat.com/case-studies/,200,Out of scope (not Resource/Blog) — already in approved 27-image priority package,Approved unique image already assigned: ambisecure-case-studies-1200x630.png
https://ambisecure.ambimat.com/case-studies/passwordless-workforce/,https://ambisecure.ambimat.com/case-studies/passwordless-workforce/,https://ambisecure.ambimat.com/case-studies/passwordless-workforce/,200,Out of scope: not a Resource or Blog page,Section page (case-studies); not Resource or Blog content
https://ambisecure.ambimat.com/case-studies/transit-ticketing/,https://ambisecure.ambimat.com/case-studies/transit-ticketing/,https://ambisecure.ambimat.com/case-studies/transit-ticketing/,200,Out of scope: not a Resource or Blog page,Section page (case-studies); not Resource or Blog content
https://ambisecure.ambimat.com/case-studies/secure-device-identity/,https://ambisecure.ambimat.com/case-studies/secure-device-identity/,https://ambisecure.ambimat.com/case-studies/secure-device-identity/,200,Out of scope: not a Resource or Blog page,Section page (case-studies); not Resource or Blog content
https://ambisecure.ambimat.com/brochures/,https://ambisecure.ambimat.com/brochures/,https://ambisecure.ambimat.com/brochures/,200,Out of scope (not Resource/Blog) — already in approved 27-image priority package,Approved unique image already assigned: ambisecure-brochures-1200x630.png
https://ambisecure.ambimat.com/brochures/onepass/,https://ambisecure.ambimat.com/brochures/onepass/,https://ambisecure.ambimat.com/brochures/onepass/,200,Out of scope: not a Resource or Blog page,Section page (brochures); not Resource or Blog content
https://ambisecure.ambimat.com/brochures/fido/,https://ambisecure.ambimat.com/brochures/fido/,https://ambisecure.ambimat.com/brochures/fido/,200,Out of scope: not a Resource or Blog page,Section page (brochures); not Resource or Blog content
https://ambisecure.ambimat.com/brochures/transit-security/,https://ambisecure.ambimat.com/brochures/transit-security/,https://ambisecure.ambimat.com/brochures/transit-security/,200,Out of scope: not a Resource or Blog page,Section page (brochures); not Resource or Blog content
https://ambisecure.ambimat.com/brochures/javacard/,https://ambisecure.ambimat.com/brochures/javacard/,https://ambisecure.ambimat.com/brochures/javacard/,200,Out of scope: not a Resource or Blog page,Section page (brochures); not Resource or Blog content
https://ambisecure.ambimat.com/brochures/pki/,https://ambisecure.ambimat.com/brochures/pki/,https://ambisecure.ambimat.com/brochures/pki/,200,Out of scope: not a Resource or Blog page,Section page (brochures); not Resource or Blog content
https://ambisecure.ambimat.com/brochures/device-identity/,https://ambisecure.ambimat.com/brochures/device-identity/,https://ambisecure.ambimat.com/brochures/device-identity/,200,Out of scope: not a Resource or Blog page,Section page (brochures); not Resource or Blog content
https://ambisecure.ambimat.com/engagement-models/,https://ambisecure.ambimat.com/engagement-models/,https://ambisecure.ambimat.com/engagement-models/,200,Out of scope: not a Resource or Blog page,Section page (engagement-models); not Resource or Blog content
https://ambisecure.ambimat.com/blog/categories/cyber-resilience/,https://ambisecure.ambimat.com/blog/categories/cyber-resilience/,https://ambisecure.ambimat.com/blog/categories/cyber-resilience/,200,Category archive,Blog category archive; reuses blog.png
https://ambisecure.ambimat.com/search/,https://ambisecure.ambimat.com/search/,https://ambisecure.ambimat.com/search/,200,Out of scope: not a Resource or Blog page,Section page (search); not Resource or Blog content
https://ambisecure.ambimat.com/privacy/,https://ambisecure.ambimat.com/privacy/,https://ambisecure.ambimat.com/privacy/,200,Out of scope: not a Resource or Blog page,Section page (privacy); not Resource or Blog content
https://ambisecure.ambimat.com/tags/,https://ambisecure.ambimat.com/tags/,https://ambisecure.ambimat.com/tags/,200,Tag archive,Tag archive listing; reuses tags.png
https://ambisecure.ambimat.com/blog/page/2/,https://ambisecure.ambimat.com/blog/page/2/,https://ambisecure.ambimat.com/blog/page/2/,200,Pagination URL,Blog pagination page 2
https://ambisecure.ambimat.com/tags/cyber-resilience-act/,https://ambisecure.ambimat.com/tags/cyber-resilience-act/,https://ambisecure.ambimat.com/tags/cyber-resilience-act/,200,Tag archive,Tag archive listing; reuses tags.png
https://ambisecure.ambimat.com/tags/cra/,https://ambisecure.ambimat.com/tags/cra/,https://ambisecure.ambimat.com/tags/cra/,200,Tag archive,Tag archive listing; reuses tags.png
https://ambisecure.ambimat.com/tags/ambisec/,https://ambisecure.ambimat.com/tags/ambisec/,https://ambisecure.ambimat.com/tags/ambisec/,200,Tag archive,Tag archive listing; reuses tags.png
https://ambisecure.ambimat.com/tags/embedded-security/,https://ambisecure.ambimat.com/tags/embedded-security/,https://ambisecure.ambimat.com/tags/embedded-security/,200,Tag archive,Tag archive listing; reuses tags.png
https://ambisecure.ambimat.com/tags/iot-security/,https://ambisecure.ambimat.com/tags/iot-security/,https://ambisecure.ambimat.com/tags/iot-security/,200,Tag archive,Tag archive listing; reuses tags.png
https://ambisecure.ambimat.com/tags/secure-by-design/,https://ambisecure.ambimat.com/tags/secure-by-design/,https://ambisecure.ambimat.com/tags/secure-by-design/,200,Tag archive,Tag archive listing; reuses tags.png
https://ambisecure.ambimat.com/tags/secure-element/,https://ambisecure.ambimat.com/tags/secure-element/,https://ambisecure.ambimat.com/tags/secure-element/,200,Tag archive,Tag archive listing; reuses tags.png
https://ambisecure.ambimat.com/tags/device-identity/,https://ambisecure.ambimat.com/tags/device-identity/,https://ambisecure.ambimat.com/tags/device-identity/,200,Tag archive,Tag archive listing; reuses tags.png
https://ambisecure.ambimat.com/tags/aaguid/,https://ambisecure.ambimat.com/tags/aaguid/,https://ambisecure.ambimat.com/tags/aaguid/,200,Tag archive,Tag archive listing; reuses tags.png
https://ambisecure.ambimat.com/tags/attestation/,https://ambisecure.ambimat.com/tags/attestation/,https://ambisecure.ambimat.com/tags/attestation/,200,Tag archive,Tag archive listing; reuses tags.png
https://ambisecure.ambimat.com/tags/biometrics/,https://ambisecure.ambimat.com/tags/biometrics/,https://ambisecure.ambimat.com/tags/biometrics/,200,Tag archive,Tag archive listing; reuses tags.png
https://ambisecure.ambimat.com/tags/cyber-security/,https://ambisecure.ambimat.com/tags/cyber-security/,https://ambisecure.ambimat.com/tags/cyber-security/,200,Tag archive,Tag archive listing; reuses tags.png
https://ambisecure.ambimat.com/tags/desfire/,https://ambisecure.ambimat.com/tags/desfire/,https://ambisecure.ambimat.com/tags/desfire/,200,Tag archive,Tag archive listing; reuses tags.png
https://ambisecure.ambimat.com/tags/enterprise/,https://ambisecure.ambimat.com/tags/enterprise/,https://ambisecure.ambimat.com/tags/enterprise/,200,Tag archive,Tag archive listing; reuses tags.png
https://ambisecure.ambimat.com/tags/epassport/,https://ambisecure.ambimat.com/tags/epassport/,https://ambisecure.ambimat.com/tags/epassport/,200,Tag archive,Tag archive listing; reuses tags.png
https://ambisecure.ambimat.com/tags/fido/,https://ambisecure.ambimat.com/tags/fido/,https://ambisecure.ambimat.com/tags/fido/,200,Tag archive,Tag archive listing; reuses tags.png
https://ambisecure.ambimat.com/tags/government-identity/,https://ambisecure.ambimat.com/tags/government-identity/,https://ambisecure.ambimat.com/tags/government-identity/,200,Tag archive,Tag archive listing; reuses tags.png
https://ambisecure.ambimat.com/tags/identity/,https://ambisecure.ambimat.com/tags/identity/,https://ambisecure.ambimat.com/tags/identity/,200,Tag archive,Tag archive listing; reuses tags.png
https://ambisecure.ambimat.com/tags/iot/,https://ambisecure.ambimat.com/tags/iot/,https://ambisecure.ambimat.com/tags/iot/,200,Tag archive,Tag archive listing; reuses tags.png
https://ambisecure.ambimat.com/tags/javacard/,https://ambisecure.ambimat.com/tags/javacard/,https://ambisecure.ambimat.com/tags/javacard/,200,Tag archive,Tag archive listing; reuses tags.png
https://ambisecure.ambimat.com/tags/mfa/,https://ambisecure.ambimat.com/tags/mfa/,https://ambisecure.ambimat.com/tags/mfa/,200,Tag archive,Tag archive listing; reuses tags.png
https://ambisecure.ambimat.com/tags/passkeys/,https://ambisecure.ambimat.com/tags/passkeys/,https://ambisecure.ambimat.com/tags/passkeys/,200,Tag archive,Tag archive listing; reuses tags.png
https://ambisecure.ambimat.com/tags/passwordless/,https://ambisecure.ambimat.com/tags/passwordless/,https://ambisecure.ambimat.com/tags/passwordless/,200,Tag archive,Tag archive listing; reuses tags.png
https://ambisecure.ambimat.com/tags/privacy/,https://ambisecure.ambimat.com/tags/privacy/,https://ambisecure.ambimat.com/tags/privacy/,200,Tag archive,Tag archive listing; reuses tags.png
https://ambisecure.ambimat.com/tags/recovery/,https://ambisecure.ambimat.com/tags/recovery/,https://ambisecure.ambimat.com/tags/recovery/,200,Tag archive,Tag archive listing; reuses tags.png
https://ambisecure.ambimat.com/tags/sam/,https://ambisecure.ambimat.com/tags/sam/,https://ambisecure.ambimat.com/tags/sam/,200,Tag archive,Tag archive listing; reuses tags.png
https://ambisecure.ambimat.com/tags/smart-cards/,https://ambisecure.ambimat.com/tags/smart-cards/,https://ambisecure.ambimat.com/tags/smart-cards/,200,Tag archive,Tag archive listing; reuses tags.png
https://ambisecure.ambimat.com/tags/transit/,https://ambisecure.ambimat.com/tags/transit/,https://ambisecure.ambimat.com/tags/transit/,200,Tag archive,Tag archive listing; reuses tags.png
https://ambisecure.ambimat.com/tags/webauthn/,https://ambisecure.ambimat.com/tags/webauthn/,https://ambisecure.ambimat.com/tags/webauthn/,200,Tag archive,Tag archive listing; reuses tags.png
https://ambisecure.ambimat.com/tags/hardware/,https://ambisecure.ambimat.com/tags/hardware/,https://ambisecure.ambimat.com/tags/hardware/,200,Tag archive,Tag archive listing; reuses tags.png
https://ambisecure.ambimat.com/tags/pki/,https://ambisecure.ambimat.com/tags/pki/,https://ambisecure.ambimat.com/tags/pki/,200,Tag archive,Tag archive listing; reuses tags.png
https://ambisecure.ambimat.com/services/fido-validation-server/demo/,https://ambisecure.ambimat.com/services/fido-validation-server/demo/,https://ambisecure.ambimat.com/services/fido-validation-server/demo/,200,Out of scope: not a Resource or Blog page,Section page (services); not Resource or Blog content
https://ambisecure.ambimat.com/products/piv-card/,https://ambisecure.ambimat.com/products/piv-card/,https://ambisecure.ambimat.com/products/piv-card/,200,Out of scope: not a Resource or Blog page,Section page (products); not Resource or Blog content
https://ambisecure.ambimat.com/products/piv-bio-card/,https://ambisecure.ambimat.com/products/piv-bio-card/,https://ambisecure.ambimat.com/products/piv-bio-card/,200,Out of scope: not a Resource or Blog page,Section page (products); not Resource or Blog content
https://ambisecure.ambimat.com/products/piv-usb-key/,https://ambisecure.ambimat.com/products/piv-usb-key/,https://ambisecure.ambimat.com/products/piv-usb-key/,200,Out of scope: not a Resource or Blog page,Section page (products); not Resource or Blog content
https://ambisecure.ambimat.com/blog/archive/security-future-for-government/,https://ambisecure.ambimat.com/blog/archive/security-future-for-government/,,410,Removed from site — body copy conflicted with AmbiSecure product positioning,"Retired 2026-07-17: described smart cards as ""expensive and cumbersome to deploy"" against the OnePass line and promoted the discontinued ""AmbiSecure Key"" SKU. Source deleted; purged from sitemap, search index, blogs.json, blog-pool.js and 7 internal links; serves 410 Gone (not redirected — no equivalent replacement exists). Was record 108."
